start,end
10/08/2023 23:46,10/08/2023 23:55
11/08/2023 23:41,12/08/2023 00:36
12/08/2023 23:35,13/08/2023 01:31
13/08/2023 23:30,14/08/2023 02:39
14/08/2023 23:25,15/08/2023 02:51
15/08/2023 23:20,16/08/2023 02:55
16/08/2023 23:15,17/08/2023 03:00
17/08/2023 23:11,18/08/2023 03:04
18/08/2023 23:06,19/08/2023 03:08
19/08/2023 23:02,20/08/2023 03:12
20/08/2023 22:58,21/08/2023 03:15
21/08/2023 22:54,22/08/2023 03:19
22/08/2023 22:50,23/08/2023 03:23
23/08/2023 22:46,24/08/2023 03:26
24/08/2023 22:42,25/08/2023 03:29
25/08/2023 23:03,26/08/2023 03:33
26/08/2023 23:57,27/08/2023 03:36
28/08/2023 01:14,28/08/2023 03:39
29/08/2023 02:50,29/08/2023 03:42
